EVENT_TIME,DEPT_NEDOC_SCORE
5/1/16 0:01,119.28
5/1/16 0:15,114.46
5/1/16 0:30,109.91
5/1/16 0:45,114.04
5/1/16 1:00,115.41
5/1/16 1:16,109.75
5/1/16 1:30,109.35
5/1/16 1:46,122.23
5/1/16 2:01,125.8
5/1/16 2:15,123.63
5/1/16 2:31,120.54
5/1/16 2:46,119.95
5/1/16 3:01,121.44
5/1/16 3:15,121.59
5/1/16 3:30,122.79
5/1/16 3:45,119.66
5/1/16 4:00,116.63
5/1/16 4:15,108.59
5/1/16 4:30,108.43
5/1/16 4:45,108.67
5/1/16 5:01,107.51
5/1/16 5:15,92.34
5/1/16 5:30,92.12
5/1/16 5:46,91.92
5/1/16 6:00,91.58
5/1/16 6:15,104.67
5/1/16 6:30,87.49
5/1/16 6:45,88.85
5/1/16 7:00,87.45
5/1/16 7:15,86.74
5/1/16 7:30,99.08
5/1/16 7:45,99.2
5/1/16 8:00,116.08
5/1/16 8:15,131.25
5/1/16 8:30,127.47
5/1/16 8:45,130.68
5/1/16 9:00,133.67
5/1/16 9:15,134.04
5/1/16 9:30,134.61
5/1/16 9:45,138.07
5/1/16 10:00,124.29
5/1/16 10:15,121.52
5/1/16 10:30,125.83
5/1/16 10:45,141.51
5/1/16 11:00,146.13
5/1/16 11:15,167.67
5/1/16 11:30,167.82
5/1/16 11:45,176.7
5/1/16 12:00,174.62
5/1/16 12:15,180.96
5/1/16 12:30,186.52
5/1/16 12:45,187.19
5/1/16 13:00,180.17
5/1/16 13:15,182.86
5/1/16 13:30,183.92
5/1/16 13:45,178.56
5/1/16 14:00,194.86
5/1/16 14:15,172.4
5/1/16 14:30,172.44
5/1/16 14:45,183.48
5/1/16 15:00,182.31
5/1/16 15:15,197.76
5/1/16 15:30,193.59
5/1/16 15:45,176.71
5/1/16 16:00,179.13
5/1/16 16:15,175.62
5/1/16 16:30,180.34
5/1/16 16:45,195.81
5/1/16 17:00,181.24
5/1/16 17:15,173.85
5/1/16 17:30,179.05
5/1/16 17:45,168.96
5/1/16 18:00,156.76
5/1/16 18:15,185.93
5/1/16 18:30,183.6
5/1/16 18:45,188.88
5/1/16 19:00,210.72
5/1/16 19:15,218.59
5/1/16 19:30,186.91
5/1/16 19:45,196.04
5/1/16 20:00,180.25
5/1/16 20:15,159.22
5/1/16 20:30,164.04
5/1/16 20:45,158.18
5/1/16 21:00,160.92
5/1/16 21:15,166.54
5/1/16 21:30,162.93
5/1/16 21:45,149.32
5/1/16 22:00,144.54
5/1/16 22:15,139.99
5/1/16 22:30,131.77
5/1/16 22:45,123.72
5/1/16 23:00,125.92
5/1/16 23:15,124.12
5/1/16 23:30,140.62
5/1/16 23:45,141.29
5/2/16 0:00,149.39
5/2/16 0:15,137.99
5/2/16 0:30,134.95
5/2/16 0:45,134.79
5/2/16 1:01,137.47
5/2/16 1:15,123.47
5/2/16 1:30,117.25
5/2/16 1:45,113.48
5/2/16 2:00,115.28
5/2/16 2:15,113.53
5/2/16 2:30,112.96
5/2/16 2:46,119.97
5/2/16 3:00,119.25
5/2/16 3:15,117.87
5/2/16 3:30,115.97
5/2/16 3:45,114.2
5/2/16 4:00,113.19
5/2/16 4:15,115.43
5/2/16 4:30,111.21
5/2/16 4:45,110.61
5/2/16 5:00,110.05
5/2/16 5:15,108.64
5/2/16 5:30,109.63
5/2/16 5:45,109.87
5/2/16 6:00,108.48
5/2/16 6:15,108.71
5/2/16 6:30,109.32
5/2/16 6:45,111.21
5/2/16 7:00,109.81
5/2/16 7:15,125.94
5/2/16 7:30,128.76
5/2/16 7:45,140.83
5/2/16 8:00,142.46
5/2/16 8:15,141.54
5/2/16 8:30,143.78
5/2/16 8:45,144.26
5/2/16 9:00,127.26
5/2/16 9:15,141.39
5/2/16 9:30,144.24
5/2/16 9:45,157.79
5/2/16 10:00,174.62
5/2/16 10:15,177.18
5/2/16 10:30,181.01
5/2/16 10:45,186.24
5/2/16 11:00,201.14
5/2/16 11:15,210.03
5/2/16 11:30,214.27
5/2/16 11:45,196.22
5/2/16 12:00,201.86
5/2/16 12:15,197.31
5/2/16 12:30,223.44
5/2/16 12:45,215.41
5/2/16 13:00,221.61
5/2/16 13:15,214.36
5/2/16 13:30,187.11
5/2/16 13:45,194.18
5/2/16 14:00,197.07
5/2/16 14:15,195.41
5/2/16 14:30,158.93
5/2/16 14:45,161.23
5/2/16 15:00,186.21
5/2/16 15:15,186.18
5/2/16 15:30,188.79
5/2/16 15:45,203.23
5/2/16 16:00,202.09
5/2/16 16:15,192.79
5/2/16 16:30,217.87
5/2/16 16:45,227.62
5/2/16 17:00,222.2
5/2/16 17:15,231.55
5/2/16 17:30,227.34
5/2/16 17:45,218.21
5/2/16 18:00,208.56
5/2/16 18:15,234.67
5/2/16 18:30,226.43
5/2/16 18:45,130.63
5/2/16 19:00,130.17
5/2/16 19:15,141.2
5/2/16 19:30,149.93
5/2/16 19:45,141.21
5/2/16 20:00,136.32
5/2/16 20:15,156.27
5/2/16 20:30,141.59
5/2/16 20:45,146.2
5/2/16 21:00,144.19
5/2/16 21:15,156.48
5/2/16 21:30,142.07
5/2/16 21:45,146.99
5/2/16 22:00,148.41
5/2/16 22:15,176.65
5/2/16 22:30,163.28
5/2/16 22:45,157.19
5/2/16 23:00,137.88
5/2/16 23:15,137.42
5/2/16 23:30,153.52
5/2/16 23:45,157.72
5/3/16 0:00,151.7
5/3/16 0:15,152.04
5/3/16 0:30,155.28
5/3/16 0:45,154.48
5/3/16 1:00,135.89
5/3/16 1:15,144.29
5/3/16 1:30,148.09
5/3/16 1:45,171.57
5/3/16 2:00,164.27
5/3/16 2:15,126.31
5/3/16 2:30,122.23
5/3/16 2:46,109.38
5/3/16 3:00,102.95
5/3/16 3:15,100.34
5/3/16 3:30,80.55
5/3/16 3:45,81.25
5/3/16 4:00,65.53
5/3/16 4:15,65.36
5/3/16 4:31,65.18
5/3/16 4:45,63.96
5/3/16 5:01,62.08
5/3/16 5:16,61.89
5/3/16 5:30,60.85
5/3/16 5:46,61.3
5/3/16 6:00,60.4
5/3/16 6:15,59.53
5/3/16 6:30,58.25
5/3/16 6:45,58.05
5/3/16 7:00,57.23
5/3/16 7:15,69.29
5/3/16 7:30,69.35
5/3/16 7:45,71.38
5/3/16 8:00,70.02
5/3/16 8:15,70.12
5/3/16 8:30,70.88
5/3/16 8:45,72.43
5/3/16 9:00,58.18
5/3/16 9:15,53.97
5/3/16 9:30,57.02
5/3/16 9:45,55.58
5/3/16 10:00,57.89
5/3/16 10:15,75.12
5/3/16 10:30,74.98
5/3/16 10:45,79.61
5/3/16 11:00,83.95
5/3/16 11:15,83.86
5/3/16 11:30,81.27
5/3/16 11:45,89.11
5/3/16 12:00,91.93
5/3/16 12:15,95.81
5/3/16 12:30,98.96
5/3/16 12:45,98.97
5/3/16 13:00,97.99
5/3/16 13:15,97.07
5/3/16 13:30,111.76
5/3/16 13:45,100.87
5/3/16 14:00,104.14
5/3/16 14:15,118.62
5/3/16 14:30,121.52
5/3/16 14:45,125.61
5/3/16 15:00,133.17
5/3/16 15:15,137.05
5/3/16 15:30,143.2
5/3/16 15:45,114.3
5/3/16 16:00,127.66
5/3/16 16:15,135.29
5/3/16 16:30,152.42
5/3/16 16:45,125.6
5/3/16 17:00,117.28
5/3/16 17:15,111.53
5/3/16 17:30,136.68
5/3/16 17:45,139.65
5/3/16 18:00,101.26
5/3/16 18:15,135.83
5/3/16 18:30,130.6
5/3/16 18:45,149.02
5/3/16 19:00,143.42
5/3/16 19:15,189.4
5/3/16 19:30,162.81
5/3/16 19:45,160.29
5/3/16 20:00,158.13
5/3/16 20:15,172.24
5/3/16 20:30,168.57
5/3/16 20:45,177.47
5/3/16 21:00,158.13
5/3/16 21:15,182.18
5/3/16 21:30,183.57
5/3/16 21:45,184.07
5/3/16 22:00,185.52
5/3/16 22:15,165.53
5/3/16 22:30,160.27
5/3/16 22:45,160.27
5/3/16 23:00,141.22
5/3/16 23:15,146.05
5/3/16 23:31,143.22
5/3/16 23:45,111.76
5/4/16 0:01,106.95
5/4/16 0:15,96.97
5/4/16 0:30,101.37
5/4/16 0:45,100.72
5/4/16 1:00,102.25
5/4/16 1:16,102.03
5/4/16 1:30,98.28
5/4/16 1:45,98.7
5/4/16 2:00,94.9
5/4/16 2:15,95.73
5/4/16 2:30,93.01
5/4/16 2:45,92.78
5/4/16 3:00,75.53
5/4/16 3:15,56.64
5/4/16 3:30,55.23
5/4/16 3:45,53.59
5/4/16 4:00,49.41
5/4/16 4:15,50.33
5/4/16 4:30,32.25
5/4/16 4:45,33.75
5/4/16 5:00,32.38
5/4/16 5:15,32.61
5/4/16 5:30,19.55
5/4/16 5:45,17.78
5/4/16 6:01,17.05
5/4/16 6:15,18.25
5/4/16 6:30,18.49
5/4/16 6:45,20.29
5/4/16 7:00,24.98
5/4/16 7:15,27.27
5/4/16 7:30,26.93
5/4/16 7:45,39.75
5/4/16 8:00,40.42
5/4/16 8:15,42.31
5/4/16 8:30,42.7
5/4/16 8:45,41.75
5/4/16 9:00,45.75
5/4/16 9:15,49.82
5/4/16 9:30,52.05
5/4/16 9:45,57.37
5/4/16 10:00,71.06
5/4/16 10:15,74.48
5/4/16 10:30,65.89
5/4/16 10:45,84.43
5/4/16 11:00,74.02
5/4/16 11:15,78.59
5/4/16 11:30,77.56
5/4/16 11:45,80.02
5/4/16 12:00,90.8
5/4/16 12:15,90.21
5/4/16 12:30,86.2
5/4/16 12:45,94.99
5/4/16 13:00,78.1
5/4/16 13:15,94.61
5/4/16 13:30,104.82
5/4/16 13:45,97.19
5/4/16 14:00,104.83
5/4/16 14:15,101.42
5/4/16 14:30,97.09
5/4/16 14:45,114.22
5/4/16 15:00,89.85
5/4/16 15:15,130.06
5/4/16 15:30,143.19
5/4/16 15:45,131.91
5/4/16 16:00,131.66
5/4/16 16:15,132.13
5/4/16 16:30,142.92
5/4/16 16:45,131.71
5/4/16 17:00,130.69
5/4/16 17:15,128.13
5/4/16 17:30,138.81
5/4/16 17:45,127.59
5/4/16 18:00,132.7
5/4/16 18:15,136.93
5/4/16 18:30,137.67
5/4/16 18:45,138.47
5/4/16 19:00,181.53
5/4/16 19:15,183.7
5/4/16 19:30,162.05
5/4/16 19:45,153.3
5/4/16 20:00,149.34
5/4/16 20:15,138.12
5/4/16 20:30,155.44
5/4/16 20:45,168.29
5/4/16 21:00,149.5
5/4/16 21:15,162.22
5/4/16 21:30,157.04
5/4/16 21:45,150.82
5/4/16 22:00,121.35
5/4/16 22:15,127.39
5/4/16 22:30,121.78
5/4/16 22:45,114.91
5/4/16 23:00,113.64
5/4/16 23:15,114.3
5/4/16 23:31,119.42
5/4/16 23:45,117.31
5/5/16 0:01,116.87
5/5/16 0:15,110.69
5/5/16 0:31,107.79
5/5/16 0:46,116.92
5/5/16 1:01,111.79
5/5/16 1:15,92.72
5/5/16 1:30,95.24
5/5/16 1:45,92.65
5/5/16 2:00,88.51
5/5/16 2:15,71.38
5/5/16 2:30,83.51
5/5/16 2:45,81.89
5/5/16 3:00,83.46
5/5/16 3:15,96.6
5/5/16 3:30,68.56
5/5/16 3:45,84.18
5/5/16 4:00,56.83
5/5/16 4:16,55.07
5/5/16 4:30,52.89
5/5/16 4:45,51.48
5/5/16 5:00,35.87
5/5/16 5:15,36.1
5/5/16 5:30,35.08
5/5/16 5:45,36.28
5/5/16 6:01,35.33
5/5/16 6:15,37.9
5/5/16 6:30,38.95
5/5/16 6:45,40.56
5/5/16 7:00,40.8
5/5/16 7:15,42.59
5/5/16 7:30,50.1
5/5/16 7:45,37.53
5/5/16 8:00,49.97
5/5/16 8:15,49.59
5/5/16 8:30,48.63
5/5/16 8:45,49.83
5/5/16 9:00,53.5
5/5/16 9:15,70.56
5/5/16 9:30,73.77
5/5/16 9:45,74.03
5/5/16 10:00,76.32
5/5/16 10:15,87.98
5/5/16 10:30,105.66
5/5/16 10:45,107.78
5/5/16 11:00,109.06
5/5/16 11:15,109.56
5/5/16 11:30,112.19
5/5/16 11:45,127.47
5/5/16 12:00,129.42
5/5/16 12:15,144.23
5/5/16 12:30,132.67
5/5/16 12:45,136.44
5/5/16 13:00,149.84
5/5/16 13:15,160.02
5/5/16 13:30,166.05
5/5/16 13:45,175.42
5/5/16 14:00,178.25
5/5/16 14:15,180.91
5/5/16 14:30,159.19
5/5/16 14:45,162.41
5/5/16 15:00,171.21
5/5/16 15:15,143.6
5/5/16 15:30,108.51
5/5/16 15:45,97.78
5/5/16 16:00,100.64
5/5/16 16:15,105.05
5/5/16 16:30,117.65
5/5/16 16:45,119.54
5/5/16 17:00,127.69
5/5/16 17:15,107.34
5/5/16 17:30,107.16
5/5/16 17:45,110.72
5/5/16 18:00,104.07
5/5/16 18:15,102.22
5/5/16 18:30,94.27
5/5/16 18:45,106.97
5/5/16 19:00,96.34
5/5/16 19:15,100.53
5/5/16 19:30,97.87
5/5/16 19:45,83.91
5/5/16 20:00,100.04
5/5/16 20:15,84.76
5/5/16 20:30,75.41
5/5/16 20:45,83.47
5/5/16 21:00,69
5/5/16 21:15,75.73
5/5/16 21:30,80.88
5/5/16 21:45,75.39
5/5/16 22:00,78.42
5/5/16 22:15,72.52
5/5/16 22:30,63.18
5/5/16 22:45,62.65
5/5/16 23:00,62.36
5/5/16 23:15,58.48
5/5/16 23:30,60.62
5/5/16 23:46,42.98
5/6/16 0:00,37.82
5/6/16 0:15,38.02
5/6/16 0:31,36.79
5/6/16 0:45,35.14
5/6/16 1:01,34.46
5/6/16 1:15,48.8
5/6/16 1:30,49.06
5/6/16 1:45,52.17
5/6/16 2:00,52.6
5/6/16 2:15,52.69
5/6/16 2:30,55.9
5/6/16 2:45,69.92
5/6/16 3:00,53.12
5/6/16 3:15,40.34
5/6/16 3:30,40.21
5/6/16 3:45,41.02
5/6/16 4:01,41.55
5/6/16 4:15,34.44
5/6/16 4:30,35.44
5/6/16 4:45,37.59
5/6/16 5:01,37.07
5/6/16 5:16,54.72
5/6/16 5:31,69.98
5/6/16 5:45,70.43
5/6/16 6:00,81.16
5/6/16 6:15,84.21
5/6/16 6:30,98.43
5/6/16 6:45,84.72
5/6/16 7:00,87.77
5/6/16 7:15,89.04
5/6/16 7:30,90.46
5/6/16 7:45,91.11
5/6/16 8:00,99.75
5/6/16 8:15,101.99
5/6/16 8:30,121.2
5/6/16 8:45,137.43
5/6/16 9:00,141.99
5/6/16 9:15,134.96
5/6/16 9:30,135.44
5/6/16 9:45,135.06
5/6/16 10:00,139.76
5/6/16 10:15,140.79
5/6/16 10:30,138.65
5/6/16 10:45,157.95
5/6/16 11:00,142.24
5/6/16 11:15,133.02
5/6/16 11:30,136.3
5/6/16 11:45,136.12
5/6/16 12:00,168.55
5/6/16 12:15,165.81
5/6/16 12:30,180.26
5/6/16 12:45,182.34
5/6/16 13:00,194.4
5/6/16 13:15,195.6
5/6/16 13:30,187.45
5/6/16 13:45,168.08
5/6/16 14:00,189.13
5/6/16 14:15,175.15
5/6/16 14:30,180.63
5/6/16 14:45,158.87
5/6/16 15:00,132.8
5/6/16 15:15,123.62
5/6/16 15:30,110.26
5/6/16 15:45,111.26
5/6/16 16:00,116.68
5/6/16 16:15,123.09
5/6/16 16:30,118.03
5/6/16 16:45,112.72
5/6/16 17:00,110.85
5/6/16 17:15,124.96
5/6/16 17:30,131.4
5/6/16 17:45,159.01
5/6/16 18:00,106.85
5/6/16 18:15,131.74
5/6/16 18:30,117.75
5/6/16 18:45,151.08
5/6/16 19:00,151.31
5/6/16 19:15,148.38
5/6/16 19:30,187.15
5/6/16 19:45,185.56
5/6/16 20:00,165.04
5/6/16 20:15,153.37
5/6/16 20:30,129.35
5/6/16 20:45,135.94
5/6/16 21:00,122.64
5/6/16 21:15,143.17
5/6/16 21:30,121.93
5/6/16 21:45,154.13
5/6/16 22:00,161.67
5/6/16 22:15,141.97
5/6/16 22:30,121.99
5/6/16 22:45,126.61
5/6/16 23:00,139.75
5/6/16 23:15,141.18
5/6/16 23:30,114.84
5/6/16 23:45,118.72
5/7/16 0:00,127.83
5/7/16 0:15,89.43
5/7/16 0:30,102.57
5/7/16 0:45,95.69
5/7/16 1:01,73.9
5/7/16 1:15,70.19
5/7/16 1:31,82.88
5/7/16 1:45,67.8
5/7/16 2:00,53.36
5/7/16 2:15,63.88
5/7/16 2:30,61.41
5/7/16 2:45,59.6
5/7/16 3:00,56.22
5/7/16 3:15,40.97
5/7/16 3:30,49.44
5/7/16 3:45,48.42
5/7/16 4:00,35.64
5/7/16 4:15,34.62
5/7/16 4:30,36.73
5/7/16 4:45,39.33
5/7/16 5:00,37.57
5/7/16 5:15,39.15
5/7/16 5:30,19.52
5/7/16 5:45,16.92
5/7/16 6:01,19.62
5/7/16 6:15,21.03
5/7/16 6:30,19.62
5/7/16 6:45,18.6
5/7/16 7:00,24.11
5/7/16 7:15,25.63
5/7/16 7:30,23.03
5/7/16 7:45,23.26
5/7/16 8:00,24.69
5/7/16 8:15,26.92
5/7/16 8:30,43.88
5/7/16 8:45,43.6
5/7/16 9:00,43.84
5/7/16 9:15,44.09
5/7/16 9:30,43.56
5/7/16 9:45,46.24
5/7/16 10:00,32.27
5/7/16 10:15,24.07
5/7/16 10:30,23.78
5/7/16 10:45,23.89
5/7/16 11:00,27.4
5/7/16 11:15,43.27
5/7/16 11:30,39.74
5/7/16 11:45,50.53
5/7/16 12:00,39.55
5/7/16 12:15,39.73
5/7/16 12:30,40.38
5/7/16 12:45,27.85
5/7/16 13:00,25.4
5/7/16 13:15,25.72
5/7/16 13:30,26.48
5/7/16 13:45,42.55
5/7/16 14:00,26.48
5/7/16 14:15,27.25
5/7/16 14:30,25.69
5/7/16 14:45,34.82
5/7/16 15:00,52.64
5/7/16 15:15,56.35
5/7/16 15:30,58.42
5/7/16 15:45,64.5
5/7/16 16:00,68.65
5/7/16 16:15,71.08
5/7/16 16:30,84.3
5/7/16 16:45,122.87
5/7/16 17:00,101.66
5/7/16 17:15,114.45
5/7/16 17:30,92.81
5/7/16 17:45,118.58
5/7/16 18:00,127.26
5/7/16 18:15,137.91
5/7/16 18:30,138.79
5/7/16 18:45,144.21
5/7/16 19:00,144.5
5/7/16 19:15,169.52
5/7/16 19:30,168.11
5/7/16 19:45,182.4
5/7/16 20:00,140.39
5/7/16 20:15,146.23
5/7/16 20:30,149.21
5/7/16 20:45,164.49
5/7/16 21:00,160.63
5/7/16 21:15,169.03
5/7/16 21:30,156.58
5/7/16 21:45,178.83
5/7/16 22:00,190.65
5/7/16 22:15,188.22
5/7/16 22:30,204.4
5/7/16 22:45,208.26
5/7/16 23:00,184.8
5/7/16 23:15,153.15
5/7/16 23:30,155.9
5/7/16 23:45,161.33
5/8/16 0:00,121.7
5/8/16 0:15,125.31
5/8/16 0:30,113.59
5/8/16 0:45,122.55
5/8/16 1:00,102.37
5/8/16 1:15,114.76
5/8/16 1:30,116.79
5/8/16 1:45,115.43
5/8/16 2:00,117.39
5/8/16 2:15,103.79
5/8/16 2:30,94.07
5/8/16 2:45,79.1
5/8/16 3:00,83.38
5/8/16 3:15,86.82
5/8/16 3:30,84.23
5/8/16 3:45,67.97
5/8/16 4:00,64.03
5/8/16 4:15,74.21
5/8/16 4:30,80
5/8/16 4:45,79.38
5/8/16 5:00,79.46
5/8/16 5:15,77.26
5/8/16 5:30,82.88
5/8/16 5:45,79.21
5/8/16 6:00,76.05
5/8/16 6:15,73.7
5/8/16 6:30,73.49
5/8/16 6:45,70.09
5/8/16 7:00,51.1
5/8/16 7:15,56.69
5/8/16 7:30,56.69
5/8/16 7:45,59.54
5/8/16 8:00,73.41
5/8/16 8:15,75.65
5/8/16 8:30,75.89
5/8/16 8:45,73.11
5/8/16 9:00,75.62
5/8/16 9:15,73.91
5/8/16 9:30,74.68
5/8/16 9:45,78.34
5/8/16 10:00,82.37
5/8/16 10:15,66.55
5/8/16 10:30,53.85
5/8/16 10:45,53.43
5/8/16 11:00,57.8
5/8/16 11:15,61.72
5/8/16 11:30,64.87
5/8/16 11:45,65.64
5/8/16 12:00,76.2
5/8/16 12:15,76.22
5/8/16 12:30,80.84
5/8/16 12:45,93.83
5/8/16 13:00,96.15
5/8/16 13:15,122.99
5/8/16 13:30,128.9
5/8/16 13:45,130.68
5/8/16 14:00,114.05
5/8/16 14:15,101.34
5/8/16 14:30,106.4
5/8/16 14:45,112.9
5/8/16 15:00,123
5/8/16 15:15,115.88
5/8/16 15:30,122.75
5/8/16 15:45,111.97
5/8/16 16:00,124.76
5/8/16 16:15,130
5/8/16 16:30,108.66
5/8/16 16:45,107.71
5/8/16 17:00,109.03
5/8/16 17:15,120.3
5/8/16 17:30,132.91
5/8/16 17:45,135.6
5/8/16 18:00,143.01
5/8/16 18:15,121.96
5/8/16 18:30,129.68
5/8/16 18:45,122.83
5/8/16 19:00,127.43
5/8/16 19:15,145.79
5/8/16 19:30,147.21
5/8/16 19:45,132.84
5/8/16 20:00,120.57
5/8/16 20:15,101.18
5/8/16 20:30,99.75
5/8/16 20:45,117.18
5/8/16 21:00,109.15
5/8/16 21:15,121.51
5/8/16 21:30,101.29
5/8/16 21:45,108.77
5/8/16 22:00,105.8
5/8/16 22:15,98.55
5/8/16 22:30,113.37
5/8/16 22:45,113.91
5/8/16 23:00,131.45
5/8/16 23:15,125.13
5/8/16 23:30,127.54
5/8/16 23:45,92.11
5/9/16 0:00,92.49
5/9/16 0:15,96.39
5/9/16 0:30,110.84
5/9/16 0:45,112.24
5/9/16 1:00,82.92
5/9/16 1:15,77.05
5/9/16 1:30,73.35
5/9/16 1:45,75.07
5/9/16 2:00,78.13
5/9/16 2:15,75.57
5/9/16 2:30,75.82
5/9/16 2:45,76.04
5/9/16 3:01,75.99
5/9/16 3:16,78.99
5/9/16 3:30,82.77
5/9/16 3:45,81.29
5/9/16 4:01,91.06
5/9/16 4:15,75.42
5/9/16 4:31,59.45
5/9/16 4:45,58.03
5/9/16 5:01,58.66
5/9/16 5:16,58.81
5/9/16 5:30,54.18
5/9/16 5:45,54.56
5/9/16 6:00,53.5
5/9/16 6:15,54.92
5/9/16 6:30,56.07
5/9/16 6:45,53.43
5/9/16 7:00,55.3
5/9/16 7:15,56.39
5/9/16 7:30,55.97
5/9/16 7:45,71.8
5/9/16 8:00,60.15
5/9/16 8:15,60.83
5/9/16 8:30,64.04
5/9/16 8:45,64.25
5/9/16 9:00,65.96
5/9/16 9:15,65.77
5/9/16 9:30,67.03
5/9/16 9:45,73.09
5/9/16 10:00,74.33
5/9/16 10:15,77
5/9/16 10:30,63.06
5/9/16 10:45,65.82
5/9/16 11:00,66.69
5/9/16 11:15,71.83
5/9/16 11:30,90.82
5/9/16 11:45,109.94
5/9/16 12:00,123.63
5/9/16 12:15,108.14
5/9/16 12:30,120.51
5/9/16 12:45,123.04
5/9/16 13:00,126.94
5/9/16 13:15,117.52
5/9/16 13:30,121.04
5/9/16 13:45,153.78
5/9/16 14:00,162.45
5/9/16 14:15,160.75
5/9/16 14:30,175.38
5/9/16 14:45,168.25
5/9/16 15:00,169.51
5/9/16 15:15,160.88
5/9/16 15:30,134.76
5/9/16 15:45,132.21
5/9/16 16:00,151.77
5/9/16 16:15,157.27
5/9/16 16:30,158.98
5/9/16 16:45,183.51
5/9/16 17:00,192.21
5/9/16 17:15,200.57
5/9/16 17:30,199.8
5/9/16 17:45,185.65
5/9/16 18:00,220.39
5/9/16 18:15,183.16
5/9/16 18:30,169.92
5/9/16 18:45,147.56
5/9/16 19:00,151.67
5/9/16 19:15,185.18
5/9/16 19:30,190.3
5/9/16 19:45,157.8
5/9/16 20:00,173.19
5/9/16 20:15,173.05
5/9/16 20:30,154.72
5/9/16 20:45,114.92
5/9/16 21:00,120.86
5/9/16 21:15,114.57
5/9/16 21:30,115.17
5/9/16 21:45,101.25
5/9/16 22:00,95.95
5/9/16 22:15,99.68
5/9/16 22:30,90.13
5/9/16 22:45,94.25
5/9/16 23:00,97.25
5/9/16 23:15,87.96
5/9/16 23:31,113.52
5/9/16 23:45,105.51
5/10/16 0:00,110.8
5/10/16 0:15,97.37
5/10/16 0:30,96
5/10/16 0:45,97.16
5/10/16 1:00,90.37
5/10/16 1:15,112.03
5/10/16 1:30,108.51
5/10/16 1:45,110.5
5/10/16 2:00,101.65
5/10/16 2:15,104.67
5/10/16 2:30,100.14
5/10/16 2:45,99.21
5/10/16 3:00,97.83
5/10/16 3:15,113.24
5/10/16 3:31,138.17
5/10/16 3:45,137.5
5/10/16 4:00,134.91
5/10/16 4:15,114.9
5/10/16 4:31,102.93
5/10/16 4:46,81.04
5/10/16 5:01,77.25
5/10/16 5:15,81.58
5/10/16 5:31,64.43
5/10/16 5:46,64.22
5/10/16 6:01,63.63
5/10/16 6:15,63.02
5/10/16 6:30,66.45
5/10/16 6:45,52.07
5/10/16 7:00,54.77
5/10/16 7:15,53.36
5/10/16 7:30,51.14
5/10/16 7:45,50.29
5/10/16 8:00,50.66
5/10/16 8:15,53.76
5/10/16 8:30,58.08
5/10/16 8:45,60.03
5/10/16 9:00,63.86
5/10/16 9:15,78.91
5/10/16 9:30,78.74
5/10/16 9:45,78.75
5/10/16 10:00,80.74
5/10/16 10:15,82.15
5/10/16 10:30,84.36
5/10/16 10:45,83.6
5/10/16 11:00,91.69
5/10/16 11:15,41.09
5/10/16 11:30,46.11
5/10/16 11:45,48.54
5/10/16 12:00,61.04
5/10/16 12:15,74.81
5/10/16 12:30,74.23
5/10/16 12:45,59.09
5/10/16 13:00,66.08
5/10/16 13:15,69.52
5/10/16 13:30,82.69
5/10/16 13:45,74.53
5/10/16 14:00,70.3
5/10/16 14:15,69.52
5/10/16 14:30,77.31
5/10/16 14:45,85.57
5/10/16 15:00,89.81
5/10/16 15:15,80.78
5/10/16 15:30,84.01
5/10/16 15:45,93.1
5/10/16 16:00,102.12
5/10/16 16:15,99.59
5/10/16 16:30,120.23
5/10/16 16:45,113.08
5/10/16 17:00,101.12
5/10/16 17:15,124.05
5/10/16 17:30,108.15
5/10/16 17:45,81.18
5/10/16 18:00,64.33
5/10/16 18:15,43.76
5/10/16 18:30,56.37
5/10/16 18:45,50.28
5/10/16 19:00,56.89
5/10/16 19:15,70.8
5/10/16 19:30,70.98
5/10/16 19:45,70.44
5/10/16 20:00,75.28
5/10/16 20:15,69.56
5/10/16 20:30,72.7
5/10/16 20:45,66.32
5/10/16 21:00,77.29
5/10/16 21:15,63.32
5/10/16 21:30,65.36
5/10/16 21:45,101.19
5/10/16 22:00,86.64
5/10/16 22:15,78.34
5/10/16 22:30,84.95
5/10/16 22:45,84.34
5/10/16 23:00,74.22
5/10/16 23:15,84.3
5/10/16 23:31,69.85
5/10/16 23:45,60.06
5/11/16 0:00,57.42
5/11/16 0:16,59.58
5/11/16 0:30,60.6
5/11/16 0:45,39.61
5/11/16 1:00,43.82
5/11/16 1:15,53.96
5/11/16 1:30,54.57
5/11/16 1:45,55.05
5/11/16 2:00,47.25
5/11/16 2:15,41.83
5/11/16 2:30,54.18
5/11/16 2:46,39.16
5/11/16 3:00,37.87
5/11/16 3:15,38.43
5/11/16 3:30,40.65
5/11/16 3:45,40.06
5/11/16 4:01,39.5
5/11/16 4:16,37.34
5/11/16 4:30,37.12
5/11/16 4:45,18.68
5/11/16 5:00,4.39
5/11/16 5:16,3.44
5/11/16 5:31,2.48
5/11/16 5:45,3.57
5/11/16 6:01,3.75
5/11/16 6:15,1.45
5/11/16 6:30,2.58
5/11/16 6:45,5.3
5/11/16 7:00,6.27
5/11/16 7:15,4.86
5/11/16 7:30,4.27
5/11/16 7:45,5.38
5/11/16 8:00,6.75
5/11/16 8:15,6.26
5/11/16 8:30,-0.12
5/11/16 8:45,1.5
5/11/16 9:00,4.7
5/11/16 9:15,8.22
5/11/16 9:30,7.93
5/11/16 9:45,7.91
5/11/16 10:00,10.14
5/11/16 10:15,15.15
5/11/16 10:30,19.86
5/11/16 10:45,26.03
5/11/16 11:00,27.16
5/11/16 11:15,30.66
5/11/16 11:30,38.01
5/11/16 11:45,28.09
5/11/16 12:00,34.17
5/11/16 12:15,34.88
5/11/16 12:30,42
5/11/16 12:45,44.21
5/11/16 13:00,36.8
5/11/16 13:15,41.37
5/11/16 13:30,41.54
5/11/16 13:45,34.67
5/11/16 14:00,34.86
5/11/16 14:15,36.32
5/11/16 14:30,38.46
5/11/16 14:45,54.56
5/11/16 15:00,41.1
5/11/16 15:15,44.95
5/11/16 15:30,61.74
5/11/16 15:45,60.92
5/11/16 16:00,73.25
5/11/16 16:15,89.97
5/11/16 16:30,91.78
5/11/16 16:45,93.64
5/11/16 17:00,83.31
5/11/16 17:15,83.92
5/11/16 17:30,107.38
5/11/16 17:45,106.47
5/11/16 18:00,103.78
5/11/16 18:15,113.86
5/11/16 18:30,120.05
5/11/16 18:45,115.78
5/11/16 19:00,134.52
5/11/16 19:15,132.22
5/11/16 19:30,155.14
5/11/16 19:45,163.97
5/11/16 20:00,157.59
5/11/16 20:15,169.52
5/11/16 20:30,144.7
5/11/16 20:45,153.44
5/11/16 21:00,146.01
5/11/16 21:15,144.57
5/11/16 21:30,149.53
5/11/16 21:45,165.98
5/11/16 22:00,166.35
5/11/16 22:15,204.93
5/11/16 22:30,187.98
5/11/16 22:45,152.61
5/11/16 23:00,149.85
5/11/16 23:15,161.96
5/11/16 23:30,125.21
5/11/16 23:45,141.61
5/12/16 0:00,123.56
5/12/16 0:15,120.38
5/12/16 0:30,132.37
5/12/16 0:45,109.69
5/12/16 1:00,104.74
5/12/16 1:15,114.7
5/12/16 1:30,80.8
5/12/16 1:45,83.88
5/12/16 2:00,82.26
5/12/16 2:15,91.7
5/12/16 2:31,90.77
5/12/16 2:45,89.06
5/12/16 3:00,86.61
5/12/16 3:16,86.85
5/12/16 3:30,86.25
5/12/16 3:46,82.16
5/12/16 4:01,94.09
5/12/16 4:16,80.49
5/12/16 4:30,80.26
5/12/16 4:45,81.38
5/12/16 5:00,79.15
5/12/16 5:15,78.56
5/12/16 5:30,79.98
5/12/16 5:46,64.47
5/12/16 6:00,63.49
5/12/16 6:15,76.47
5/12/16 6:30,63.33
5/12/16 6:45,60.3
5/12/16 7:00,62.72
5/12/16 7:15,62.36
5/12/16 7:30,61.4
5/12/16 7:45,62.54
5/12/16 8:00,65.65
5/12/16 8:15,51.4
5/12/16 8:30,53.46
5/12/16 8:45,54.23
5/12/16 9:00,58.36
5/12/16 9:15,57.14
5/12/16 9:30,61.79
5/12/16 9:45,63.1
5/12/16 10:00,65.09
5/12/16 10:15,66.59
5/12/16 10:30,70.43
5/12/16 10:45,70.36
5/12/16 11:00,95.62
5/12/16 11:15,68.29
5/12/16 11:30,65.72
5/12/16 11:45,70.18
5/12/16 12:00,84.82
5/12/16 12:15,81.79
5/12/16 12:30,74.67
5/12/16 12:45,106.91
5/12/16 13:00,129.47
5/12/16 13:15,132.27
5/12/16 13:30,132.87
5/12/16 13:45,129.83
5/12/16 14:00,121.81
5/12/16 14:15,132.98
5/12/16 14:30,136.7
5/12/16 14:45,142.86
5/12/16 15:00,110.7
5/12/16 15:15,110.46
5/12/16 15:30,141.09
5/12/16 15:45,149.26
5/12/16 16:00,157.23
5/12/16 16:15,157.28
5/12/16 16:30,147.87
5/12/16 16:45,132.64
5/12/16 17:00,136.35
5/12/16 17:15,129.67
5/12/16 17:30,175.05
5/12/16 17:45,154.29
5/12/16 18:00,181.19
5/12/16 18:15,152.7
5/12/16 18:30,152.62
5/12/16 18:45,152.85
5/12/16 19:00,172.64
5/12/16 19:15,169.59
5/12/16 19:30,179
5/12/16 19:45,155.2
5/12/16 20:00,152.11
5/12/16 20:15,156.85
5/12/16 20:30,181.01
5/12/16 20:45,157.19
5/12/16 21:00,157.49
5/12/16 21:15,164.19
5/12/16 21:30,165.16
5/12/16 21:45,182.49
5/12/16 22:00,167.77
5/12/16 22:15,164.86
5/12/16 22:30,121.85
5/12/16 22:45,119.02
5/12/16 23:00,125.4
5/12/16 23:15,109.4
5/12/16 23:30,109.66
5/12/16 23:45,109.28
5/13/16 0:00,96.75
5/13/16 0:15,94.32
5/13/16 0:30,58.53
5/13/16 0:45,61.5
5/13/16 1:00,56.98
5/13/16 1:15,69.34
5/13/16 1:31,54.13
5/13/16 1:45,39.06
5/13/16 2:00,36.31
5/13/16 2:15,33.64
5/13/16 2:30,27.41
5/13/16 2:45,25.27
5/13/16 3:00,20.73
5/13/16 3:15,23.99
5/13/16 3:30,24.06
5/13/16 3:45,6.86
5/13/16 4:00,7.86
5/13/16 4:15,9.28
5/13/16 4:30,11.28
5/13/16 4:45,8.58
5/13/16 5:00,10
5/13/16 5:15,9.03
5/13/16 5:30,9.4
5/13/16 5:45,8.8
5/13/16 6:01,6.96
5/13/16 6:15,18.93
5/13/16 6:30,22.47
5/13/16 6:45,24.27
5/13/16 7:00,25.63
5/13/16 7:15,25.13
5/13/16 7:30,23.35
5/13/16 7:45,26.82
5/13/16 8:00,41.67
5/13/16 8:15,44.82
5/13/16 8:30,65.44
5/13/16 8:45,59.27
5/13/16 9:00,62.9
5/13/16 9:15,60.29
5/13/16 9:30,64.16
5/13/16 9:45,52.85
5/13/16 10:00,70.98
5/13/16 10:15,70.54
5/13/16 10:30,85.81
5/13/16 10:45,90.17
5/13/16 11:00,87.52
5/13/16 11:15,75.41
5/13/16 11:30,77.11
5/13/16 11:45,92.18
5/13/16 12:00,96.98
5/13/16 12:15,110.34
5/13/16 12:30,108.9
5/13/16 12:45,126.01
5/13/16 13:00,124.56
5/13/16 13:15,129.71
5/13/16 13:30,134.48
5/13/16 13:45,133.43
5/13/16 14:00,134.52
5/13/16 14:15,134.1
5/13/16 14:30,153.38
5/13/16 14:45,140.93
5/13/16 15:00,132.77
5/13/16 15:15,135.74
5/13/16 15:30,125.41
5/13/16 15:45,134.25
5/13/16 16:00,123.36
5/13/16 16:15,129.58
5/13/16 16:30,146.18
5/13/16 16:45,125.81
5/13/16 17:00,136.86
5/13/16 17:15,112.58
5/13/16 17:30,107.31
5/13/16 17:45,125.75
5/13/16 18:00,126.05
5/13/16 18:15,110.13
5/13/16 18:30,137.99
5/13/16 18:45,107.74
5/13/16 19:00,126.38
5/13/16 19:15,140.88
5/13/16 19:30,133.84
5/13/16 19:45,122.11
5/13/16 20:00,122.9
5/13/16 20:15,121.04
5/13/16 20:30,124.34
5/13/16 20:45,123.08
5/13/16 21:00,139.07
5/13/16 21:15,125.31
5/13/16 21:30,147.41
5/13/16 21:45,113.01
5/13/16 22:00,130.11
5/13/16 22:15,119.7
5/13/16 22:30,116.86
5/13/16 22:45,118.15
5/13/16 23:00,102.41
5/13/16 23:15,96.55
5/13/16 23:30,98.02
5/13/16 23:45,95.77
5/14/16 0:00,93.82
5/14/16 0:15,87.82
5/14/16 0:30,101.74
5/14/16 0:45,91.17
5/14/16 1:00,83.71
5/14/16 1:15,87.26
5/14/16 1:30,77.16
5/14/16 1:45,63.83
5/14/16 2:00,63.98
5/14/16 2:16,67.93
5/14/16 2:30,74.15
5/14/16 2:46,71.96
5/14/16 3:00,67.14
5/14/16 3:16,56.23
5/14/16 3:30,58.93
5/14/16 3:46,57.87
5/14/16 4:00,52.13
5/14/16 4:15,46.77
5/14/16 4:30,45.75
5/14/16 4:45,41.51
5/14/16 5:00,42.95
5/14/16 5:15,45.94
5/14/16 5:30,47.8
5/14/16 5:45,56.02
5/14/16 6:00,55.15
5/14/16 6:15,56.57
5/14/16 6:30,55.61
5/14/16 6:45,69.63
5/14/16 7:00,84.48
5/14/16 7:15,84.95
5/14/16 7:30,81.95
5/14/16 7:45,80.23
5/14/16 8:00,80.22
5/14/16 8:15,78.82
5/14/16 8:30,74.37
5/14/16 8:45,79.64
5/14/16 9:00,73.46
5/14/16 9:15,77.26
5/14/16 9:30,76.3
5/14/16 9:45,80
5/14/16 10:00,83.05
5/14/16 10:15,100.65
5/14/16 10:30,90.99
5/14/16 10:45,103.7
5/14/16 11:00,108.32
5/14/16 11:15,114.24
5/14/16 11:30,82.55
5/14/16 11:45,89.86
5/14/16 12:00,103.23
5/14/16 12:15,103.46
5/14/16 12:30,105.7
5/14/16 12:45,110.46
5/14/16 13:00,97.79
5/14/16 13:15,90.62
5/14/16 13:30,103.01
5/14/16 13:45,124.16
5/14/16 14:00,121.16
5/14/16 14:15,105.89
5/14/16 14:30,108.84
5/14/16 14:45,108.25
5/14/16 15:00,121.81
5/14/16 15:15,119.14
5/14/16 15:30,117.01
5/14/16 15:45,105.34
5/14/16 16:00,107.34
5/14/16 16:15,119.04
5/14/16 16:30,97.04
5/14/16 16:45,91.63
5/14/16 17:00,78.1
5/14/16 17:15,82.87
5/14/16 17:30,55.19
5/14/16 17:45,59.34
5/14/16 18:00,59.91
5/14/16 18:15,71.24
5/14/16 18:30,81.03
5/14/16 18:45,70.4
5/14/16 19:00,81.58
5/14/16 19:15,74.04
5/14/16 19:30,84.27
5/14/16 19:45,97.92
5/14/16 20:00,101.42
5/14/16 20:15,107.26
5/14/16 20:30,103.96
5/14/16 20:45,104.52
5/14/16 21:00,122.91
5/14/16 21:15,124.92
5/14/16 21:30,127.09
5/14/16 21:45,110.92
5/14/16 22:00,134.35
5/14/16 22:15,122.97
5/14/16 22:30,101.77
5/14/16 22:45,104.63
5/14/16 23:00,97.94
5/14/16 23:15,116.64
5/14/16 23:30,115.82
5/14/16 23:45,114.78
5/15/16 0:00,119.78
5/15/16 0:16,125.06
5/15/16 0:30,124.96
5/15/16 0:46,119.49
5/15/16 1:00,115.94
5/15/16 1:15,99.24
5/15/16 1:30,116.53
5/15/16 1:45,112.24
5/15/16 2:00,103.93
5/15/16 2:15,114.21
5/15/16 2:30,79.03
5/15/16 2:45,62.93
5/15/16 3:00,66.36
5/15/16 3:15,66.59
5/15/16 3:30,56.84
5/15/16 3:45,54.25
5/15/16 4:00,53.35
5/15/16 4:15,50.75
5/15/16 4:30,52.04
5/15/16 4:45,53.02
5/15/16 5:01,56.47
5/15/16 5:15,41.11
5/15/16 5:31,56.21
5/15/16 5:45,48.51
5/15/16 6:00,48.3
5/15/16 6:15,48.72
5/15/16 6:30,50.01
5/15/16 6:45,51.02
5/15/16 7:00,52.06
5/15/16 7:15,51.49
5/15/16 7:30,54.71
5/15/16 7:45,54.9
5/15/16 8:00,55.5
5/15/16 8:15,70.57
5/15/16 8:30,84.96
5/15/16 8:45,86.36
5/15/16 9:00,91.53
5/15/16 9:15,106.63
5/15/16 9:30,107.74
5/15/16 9:45,110.22
5/15/16 10:00,111.27
5/15/16 10:15,114.4
5/15/16 10:30,117.03
5/15/16 10:45,118.89
5/15/16 11:00,122.31
5/15/16 11:15,125.82
5/15/16 11:30,144.91
5/15/16 11:45,132.92
5/15/16 12:00,138.31
5/15/16 12:15,142.29
5/15/16 12:30,129.36
5/15/16 12:45,128.31
5/15/16 13:00,129.63
5/15/16 13:15,127.85
5/15/16 13:30,135.31
5/15/16 13:45,142.06
5/15/16 14:00,111.82
5/15/16 14:15,110.05
5/15/16 14:30,95.88
5/15/16 14:45,96.94
5/15/16 15:00,85.88
5/15/16 15:15,90.25
5/15/16 15:30,104.69
5/15/16 15:45,109.26
5/15/16 16:00,104.16
5/15/16 16:15,106.95
5/15/16 16:30,106.88
5/15/16 16:45,113.4
5/15/16 17:00,124.82
5/15/16 17:15,111.65
5/15/16 17:30,111.17
5/15/16 17:45,111.61
5/15/16 18:00,111.43
5/15/16 18:15,106.93
5/15/16 18:30,118.95
5/15/16 18:45,100.3
5/15/16 19:00,91.69
5/15/16 19:15,94.47
5/15/16 19:30,110.93
5/15/16 19:45,116.06
5/15/16 20:00,126.68
5/15/16 20:15,114.92
5/15/16 20:30,115.6
5/15/16 20:45,125.77
5/15/16 21:00,119.31
5/15/16 21:15,128.22
5/15/16 21:30,111.8
5/15/16 21:45,118.4
5/15/16 22:00,110.44
5/15/16 22:15,112.43
5/15/16 22:30,118.5
5/15/16 22:45,105.84
5/15/16 23:00,65.85
5/15/16 23:15,63.51
5/15/16 23:31,66.39
5/15/16 23:46,59.55
5/16/16 0:00,42.15
5/16/16 0:15,41.44
5/16/16 0:30,46.2
5/16/16 0:45,30.96
5/16/16 1:00,30.16
5/16/16 1:15,40.09
5/16/16 1:30,26.09
5/16/16 1:45,18.47
5/16/16 2:01,18.62
5/16/16 2:15,17.19
5/16/16 2:30,17.75
5/16/16 2:45,13.59
5/16/16 3:01,40.93
5/16/16 3:16,25.82
5/16/16 3:30,41.71
5/16/16 3:45,38.74
5/16/16 4:00,37.79
5/16/16 4:15,39.28
5/16/16 4:30,56.16
5/16/16 4:45,57.03
5/16/16 5:00,43.14
5/16/16 5:15,40.91
5/16/16 5:30,41.19
5/16/16 5:46,38.06
5/16/16 6:00,37.11
5/16/16 6:15,33.78
5/16/16 6:30,32.37
5/16/16 6:45,32.61
5/16/16 7:00,35.29
5/16/16 7:15,47.41
5/16/16 7:30,47.58
5/16/16 7:45,34.3
5/16/16 8:00,20.22
5/16/16 8:15,14.9
5/16/16 8:30,16.75
5/16/16 8:45,16.98
5/16/16 9:00,34.27
5/16/16 9:15,41.92
5/16/16 9:30,46.87
5/16/16 9:45,44.38
5/16/16 10:00,49.91
5/16/16 10:15,58.16
5/16/16 10:30,55.82
5/16/16 10:45,64.16
5/16/16 11:00,61.24
5/16/16 11:15,58.2
5/16/16 11:30,53.2
5/16/16 11:45,63.63
5/16/16 12:00,69.68
5/16/16 12:15,65.55
5/16/16 12:30,70.02
5/16/16 12:45,85.99
5/16/16 13:00,74.21
5/16/16 13:15,61.73
5/16/16 13:30,64.23
5/16/16 13:45,64.27
5/16/16 14:00,65.29
5/16/16 14:15,78.6
5/16/16 14:30,82.55
5/16/16 14:45,88.22
5/16/16 15:00,95.53
5/16/16 15:15,85.86
5/16/16 15:30,87.83
5/16/16 15:45,85.14
5/16/16 16:00,116.27
5/16/16 16:15,121.21
5/16/16 16:30,120.95
5/16/16 16:45,115.41
5/16/16 17:00,109.99
5/16/16 17:15,115.44
5/16/16 17:30,114.77
5/16/16 17:45,106
5/16/16 18:00,86.41
5/16/16 18:15,85.36
5/16/16 18:30,105.8
5/16/16 18:45,192.82
5/16/16 19:00,202.47
5/16/16 19:15,175.71
5/16/16 19:30,172.15
5/16/16 19:45,152.35
5/16/16 20:00,97.45
5/16/16 20:15,74.53
5/16/16 20:30,79.08
5/16/16 20:45,82.39
5/16/16 21:00,77.07
5/16/16 21:15,67.72
5/16/16 21:30,60.93
5/16/16 21:45,59.68
5/16/16 22:00,73.11
5/16/16 22:15,63.34
5/16/16 22:30,50.94
5/16/16 22:45,67.13
5/16/16 23:00,64.94
5/16/16 23:15,64.68
5/16/16 23:30,78.01
5/16/16 23:46,57.7
5/17/16 0:00,51.5
5/17/16 0:15,89.81
5/17/16 0:30,76.63
5/17/16 0:45,69.65
5/17/16 1:01,66.26
5/17/16 1:15,65.85
5/17/16 1:31,47.87
5/17/16 1:45,57.77
5/17/16 2:01,37.51
5/17/16 2:15,38.7
5/17/16 2:31,45.37
5/17/16 2:45,38.7
5/17/16 3:01,64.35
5/17/16 3:15,63.31
5/17/16 3:31,66.63
5/17/16 3:46,69.24
5/17/16 4:00,80.04
5/17/16 4:16,85.42
5/17/16 4:30,83.95
5/17/16 4:46,84.2
5/17/16 5:01,78.93
5/17/16 5:15,92.64
5/17/16 5:31,79.05
5/17/16 5:45,76.04
5/17/16 6:00,71.9
5/17/16 6:15,73.18
5/17/16 6:30,72.98
5/17/16 6:45,73.48
5/17/16 7:00,73.45
5/17/16 7:15,73.94
5/17/16 7:30,73.78
5/17/16 7:45,74.14
5/17/16 8:00,75.31
5/17/16 8:15,77.55
5/17/16 8:30,95.24
5/17/16 8:45,95.16
5/17/16 9:00,101.84
5/17/16 9:15,116.61
5/17/16 9:30,130.26
5/17/16 9:45,131.1
5/17/16 10:00,138.46
5/17/16 10:15,145.19
5/17/16 10:30,164.13
5/17/16 10:45,159.91
5/17/16 11:00,136.94
5/17/16 11:15,135.87
5/17/16 11:30,164.74
5/17/16 11:45,167.5
5/17/16 12:00,165.82
5/17/16 12:15,172.18
5/17/16 12:30,175.69
5/17/16 12:45,160.32
5/17/16 13:00,165.97
5/17/16 13:15,157.34
5/17/16 13:30,156
5/17/16 13:45,134.42
5/17/16 14:00,107.6
5/17/16 14:15,117.65
5/17/16 14:30,130.65
5/17/16 14:45,108.66
5/17/16 15:00,109.12
5/17/16 15:15,109.6
5/17/16 15:30,101.48
5/17/16 15:45,111.95
5/17/16 16:00,99.22
5/17/16 16:15,90.02
5/17/16 16:30,127.5
5/17/16 16:45,142.54
5/17/16 17:00,166.97
5/17/16 17:15,135.53
5/17/16 17:30,131.9
5/17/16 17:45,112.59
5/17/16 18:00,132.17
5/17/16 18:15,129.27
5/17/16 18:30,154.87
5/17/16 18:45,156.25
5/17/16 19:00,142.23
5/17/16 19:15,146.42
5/17/16 19:30,147.18
5/17/16 19:45,149.34
5/17/16 20:00,130.15
5/17/16 20:15,142.05
5/17/16 20:30,116.64
5/17/16 20:45,164.52
5/17/16 21:00,155.93
5/17/16 21:15,164.56
5/17/16 21:30,145.59
5/17/16 21:45,163.84
5/17/16 22:00,167.37
5/17/16 22:15,150.51
5/17/16 22:30,166.49
5/17/16 22:45,171.44
5/17/16 23:00,170.6
5/17/16 23:15,153.83
5/17/16 23:31,149.99
5/17/16 23:45,130.05
5/18/16 0:00,130.57
5/18/16 0:16,130.89
5/18/16 0:30,121.35
5/18/16 0:45,127.07
5/18/16 1:00,102.46
5/18/16 1:15,75.8
5/18/16 1:30,84.33
5/18/16 1:45,90.88
5/18/16 2:00,71.37
5/18/16 2:15,83.64
5/18/16 2:30,86.26
5/18/16 2:45,86.2
5/18/16 3:01,68.2
5/18/16 3:15,65.52
5/18/16 3:30,58.77
5/18/16 3:45,61
5/18/16 4:00,62.73
5/18/16 4:16,61.04
5/18/16 4:30,65.78
5/18/16 4:46,68.52
5/18/16 5:00,69.62
5/18/16 5:15,67.31
5/18/16 5:30,68.73
5/18/16 5:46,68.98
5/18/16 6:00,55.8
5/18/16 6:15,54.13
5/18/16 6:30,53.56
5/18/16 6:45,44.36
5/18/16 7:00,45.41
5/18/16 7:15,44.45
5/18/16 7:30,42.68
5/18/16 7:45,42.09
5/18/16 8:00,41.24
5/18/16 8:15,42.16
5/18/16 8:30,57.29
5/18/16 8:45,59.46
5/18/16 9:00,72.44
5/18/16 9:15,88.61
5/18/16 9:30,88.77
5/18/16 9:45,106.23
5/18/16 10:00,134.85
5/18/16 10:15,92
5/18/16 10:30,123.01
5/18/16 10:45,128.53
5/18/16 11:00,130.83
5/18/16 11:15,130.87
5/18/16 11:30,118.77
5/18/16 11:45,121.46
5/18/16 12:00,108.3
5/18/16 12:15,131.93
5/18/16 12:30,123.5
5/18/16 12:45,123.31
5/18/16 13:00,125.15
5/18/16 13:15,133.45
5/18/16 13:30,149.75
5/18/16 13:45,132.63
5/18/16 14:00,152.05
5/18/16 14:15,146.18
5/18/16 14:30,131.44
5/18/16 14:45,127.34
5/18/16 15:00,167.65
5/18/16 15:15,147.14
5/18/16 15:30,171.11
5/18/16 15:45,135.28
5/18/16 16:00,141.09
5/18/16 16:15,164
5/18/16 16:30,124.83
5/18/16 16:45,136.41
5/18/16 17:00,158.72
5/18/16 17:15,151.83
5/18/16 17:30,134.37
5/18/16 17:45,144.52
5/18/16 18:00,157.14
5/18/16 18:15,134.74
5/18/16 18:30,133.47
5/18/16 18:45,125.39
5/18/16 19:00,94.75
5/18/16 19:15,121.4
5/18/16 19:30,112.56
5/18/16 19:45,108.34
5/18/16 20:00,97.98
5/18/16 20:15,110.86
5/18/16 20:30,85.7
5/18/16 20:45,112.03
5/18/16 21:00,83.31
5/18/16 21:15,101.52
5/18/16 21:30,82.64
5/18/16 21:45,86.54
5/18/16 22:00,89.29
5/18/16 22:15,102.11
5/18/16 22:30,79.03
5/18/16 22:45,90.69
5/18/16 23:00,94.48
5/18/16 23:15,74.16
5/18/16 23:30,74.96
5/18/16 23:45,80.57
5/19/16 0:00,73.45
5/19/16 0:15,70.75
5/19/16 0:30,80.58
5/19/16 0:45,103.51
5/19/16 1:00,77.5
5/19/16 1:15,68.28
5/19/16 1:30,67.82
5/19/16 1:45,55.51
5/19/16 2:00,59.04
5/19/16 2:15,55.26
5/19/16 2:30,55.51
5/19/16 2:46,54.63
5/19/16 3:00,52.91
5/19/16 3:15,53.15
5/19/16 3:30,54.72
5/19/16 3:45,51.94
5/19/16 4:00,51.08
5/19/16 4:15,51.09
5/19/16 4:30,52.14
5/19/16 4:45,50.04
5/19/16 5:00,51.52
5/19/16 5:15,51.57
5/19/16 5:31,50.65
5/19/16 5:46,50.07
5/19/16 6:00,50.26
5/19/16 6:15,50.9
5/19/16 6:30,50.26
5/19/16 6:45,51.23
5/19/16 7:00,47.37
5/19/16 7:15,43.06
5/19/16 7:30,41.28
5/19/16 7:45,42.19
5/19/16 8:00,57.47
5/19/16 8:15,60.19
5/19/16 8:30,66.37
5/19/16 8:45,67.05
5/19/16 9:00,65.75
5/19/16 9:15,84.33
5/19/16 9:30,83.07
5/19/16 9:45,86.61
5/19/16 10:00,90.35
5/19/16 10:15,87.67
5/19/16 10:30,96.82
5/19/16 10:45,97.44
5/19/16 11:00,99.33
5/19/16 11:15,99.99
5/19/16 11:30,101.64
5/19/16 11:45,101.22
5/19/16 12:00,104.03
5/19/16 12:15,105.36
5/19/16 12:30,108.58
5/19/16 12:45,143.01
5/19/16 13:00,147.38
5/19/16 13:15,147.23
5/19/16 13:30,146.36
5/19/16 13:45,152.13
5/19/16 14:00,159.48
5/19/16 14:15,143.96
5/19/16 14:30,166.08
5/19/16 14:45,194.29
5/19/16 15:00,176.75
5/19/16 15:15,150.4
5/19/16 15:30,161.48
5/19/16 15:45,162.15
5/19/16 16:00,155.42
5/19/16 16:15,183.68
5/19/16 16:30,175.8
5/19/16 16:45,162.76
5/19/16 17:00,169.03
5/19/16 17:15,159.67
5/19/16 17:30,178.43
5/19/16 17:45,155.91
5/19/16 18:00,163.73
5/19/16 18:15,150.72
5/19/16 18:30,134.73
5/19/16 18:45,122.37
5/19/16 19:00,136.01
5/19/16 19:15,148.25
5/19/16 19:30,138.29
5/19/16 19:45,124.34
5/19/16 20:00,126.98
5/19/16 20:15,122.12
5/19/16 20:30,119.97
5/19/16 20:45,143.33
5/19/16 21:00,139.72
5/19/16 21:15,124.07
5/19/16 21:30,126.31
5/19/16 21:45,148.26
5/19/16 22:00,140.81
5/19/16 22:15,132.65
5/19/16 22:30,131.64
5/19/16 22:45,143.77
5/19/16 23:00,124.25
5/19/16 23:15,113.36
5/19/16 23:30,104
5/19/16 23:45,101.85
5/20/16 0:00,89.87
5/20/16 0:15,89.24
5/20/16 0:31,93.04
5/20/16 0:45,108.16
5/20/16 1:01,104.63
5/20/16 1:15,104.84
5/20/16 1:30,100.67
5/20/16 1:45,98.07
5/20/16 2:00,99.12
5/20/16 2:15,107.92
5/20/16 2:30,106.15
5/20/16 2:45,105.13
5/20/16 3:00,107.03
5/20/16 3:15,109.27
5/20/16 3:30,109.51
5/20/16 3:45,108.93
5/20/16 4:00,90.86
5/20/16 4:15,75.69
5/20/16 4:30,77.39
5/20/16 4:45,78.47
5/20/16 5:00,90.91
5/20/16 5:15,92.33
5/20/16 5:30,95.03
5/20/16 5:45,98.44
5/20/16 6:00,97.84
5/20/16 6:15,100.7
5/20/16 6:30,98.1
5/20/16 6:45,97.71
5/20/16 7:00,68.69
5/20/16 7:15,71.93
5/20/16 7:30,72.16
5/20/16 7:45,68.38
5/20/16 8:00,69.86
5/20/16 8:15,69.45
5/20/16 8:30,72.1
5/20/16 8:45,77.05
5/20/16 9:00,62.47
5/20/16 9:15,77.24
5/20/16 9:30,91.06
5/20/16 9:45,97.36
5/20/16 10:00,99.23
5/20/16 10:15,106.41
5/20/16 10:30,104.97
5/20/16 10:45,109.67
5/20/16 11:00,109.45
5/20/16 11:15,95.22
5/20/16 11:30,98.54
5/20/16 11:45,95.89
5/20/16 12:00,83.77
5/20/16 12:15,89.25
5/20/16 12:30,84.27
5/20/16 12:45,88.68
5/20/16 13:00,89.83
5/20/16 13:15,92.46
5/20/16 13:30,105.35
5/20/16 13:45,97.48
5/20/16 14:00,80.88
5/20/16 14:15,80.43
5/20/16 14:30,85.9
5/20/16 14:45,101.49
5/20/16 15:00,103.02
5/20/16 15:15,103.28
5/20/16 15:30,95.07
5/20/16 15:45,93.65
5/20/16 16:00,109.2
5/20/16 16:15,82.47
5/20/16 16:30,80.31
5/20/16 16:45,81.11
5/20/16 17:00,106.98
5/20/16 17:15,95.6
5/20/16 17:30,108.97
5/20/16 17:45,107.11
5/20/16 18:00,85.55
5/20/16 18:15,85.41
5/20/16 18:30,86.09
5/20/16 18:45,90.8
5/20/16 19:00,103.49
5/20/16 19:15,94.14
5/20/16 19:30,74.17
5/20/16 19:45,78.11
5/20/16 20:00,75.47
5/20/16 20:15,55.37
5/20/16 20:30,59.11
5/20/16 20:45,46.34
5/20/16 21:00,51.88
5/20/16 21:15,42.82
5/20/16 21:30,38.87
5/20/16 21:45,44.01
5/20/16 22:00,58.42
5/20/16 22:15,68.65
5/20/16 22:30,63.47
5/20/16 22:45,64.08
5/20/16 23:00,57.24
5/20/16 23:15,70.38
5/20/16 23:31,65.74
5/20/16 23:45,73.03
5/21/16 0:00,65.55
5/21/16 0:15,67.87
5/21/16 0:30,62.31
5/21/16 0:45,58.17
5/21/16 1:00,75.64
5/21/16 1:15,52.51
5/21/16 1:30,53.57
5/21/16 1:45,46.48
5/21/16 2:00,42.12
5/21/16 2:15,21.67
5/21/16 2:30,24.45
5/21/16 2:45,21.85
5/21/16 3:00,21.84
5/21/16 3:15,18.46
5/21/16 3:30,21.04
5/21/16 3:45,19.89
5/21/16 4:00,17.29
5/21/16 4:15,17.09
5/21/16 4:30,18.92
5/21/16 4:45,19.14
5/21/16 5:00,5.16
5/21/16 5:15,3.73
5/21/16 5:30,5.34
5/21/16 5:45,5.57
5/21/16 6:00,7.28
5/21/16 6:15,5.51
5/21/16 6:30,7.31
5/21/16 6:45,7.55
5/21/16 7:00,7.98
5/21/16 7:15,8.17
5/21/16 7:30,7.37
5/21/16 7:45,26.57
5/21/16 8:00,24.43
5/21/16 8:15,26.07
5/21/16 8:30,41.6
5/21/16 8:45,39.93
5/21/16 9:00,44.62
5/21/16 9:15,47.38
5/21/16 9:30,48.28
5/21/16 9:45,47.32
5/21/16 10:00,47.55
5/21/16 10:15,49.21
5/21/16 10:30,50.89
5/21/16 10:45,50.61
5/21/16 11:00,47.65
5/21/16 11:15,51.4
5/21/16 11:30,53.68
5/21/16 11:45,60.04
5/21/16 12:00,76.68
5/21/16 12:15,79.07
5/21/16 12:30,81.76
5/21/16 12:45,79.43
5/21/16 13:00,67.53
5/21/16 13:15,78.09
5/21/16 13:30,59.98
5/21/16 13:45,58.59
5/21/16 14:00,86.78
5/21/16 14:15,76.64
5/21/16 14:30,63.34
5/21/16 14:45,73.3
5/21/16 15:00,77.06
5/21/16 15:15,64.64
5/21/16 15:30,57.62
5/21/16 15:45,75.86
5/21/16 16:00,70.98
5/21/16 16:15,90.55
5/21/16 16:30,93.35
5/21/16 16:45,90.52
5/21/16 17:00,70.3
5/21/16 17:15,87.26
5/21/16 17:30,88.12
5/21/16 17:45,86.59
5/21/16 18:00,87.64
5/21/16 18:15,85.06
5/21/16 18:30,109.27
5/21/16 18:45,96.08
5/21/16 19:00,92.22
5/21/16 19:15,92.01
5/21/16 19:30,120.79
5/21/16 19:45,111.06
5/21/16 20:00,106.77
5/21/16 20:15,124.93
5/21/16 20:30,93.22
5/21/16 20:45,112.61
5/21/16 21:00,97.98
5/21/16 21:15,117.98
5/21/16 21:30,94.52
5/21/16 21:45,85.48
5/21/16 22:00,71.23
5/21/16 22:15,81.99
5/21/16 22:30,49.81
5/21/16 22:45,48.6
5/21/16 23:00,45.05
5/21/16 23:15,76.93
5/21/16 23:30,75.04
5/21/16 23:45,82.35
5/22/16 0:00,105.05
5/22/16 0:15,88.57
5/22/16 0:30,92.02
5/22/16 0:45,102.77
5/22/16 1:00,88.1
5/22/16 1:16,125.84
5/22/16 1:30,101.53
5/22/16 1:45,98.5
5/22/16 2:00,110.77
5/22/16 2:15,104.71
5/22/16 2:30,86.78
5/22/16 2:45,84.89
5/22/16 3:00,99.1
5/22/16 3:16,81.87
5/22/16 3:30,80.6
5/22/16 3:46,75.48
5/22/16 4:00,74.46
5/22/16 4:16,73.12
5/22/16 4:30,72.53
5/22/16 4:46,70.17
5/22/16 5:01,71.07
5/22/16 5:15,69.95
5/22/16 5:30,70.99
5/22/16 5:45,70.39
5/22/16 6:00,53.31
5/22/16 6:15,52.39
5/22/16 6:30,53.38
5/22/16 6:45,52.87
5/22/16 7:00,52.29
5/22/16 7:15,52.52
5/22/16 7:30,24.18
5/22/16 7:45,40.27
5/22/16 8:00,32.99
5/22/16 8:15,35.09
5/22/16 8:30,35.16
5/22/16 8:45,50.44
5/22/16 9:00,50.71
5/22/16 9:15,55.41
5/22/16 9:30,58.03
5/22/16 9:45,59.65
5/22/16 10:00,63.97
5/22/16 10:15,64.74
5/22/16 10:30,65.27
5/22/16 10:45,81.04
5/22/16 11:00,85.66
5/22/16 11:15,87.43
5/22/16 11:30,87.44
5/22/16 11:45,65.42
5/22/16 12:00,63.28
5/22/16 12:15,63.13
5/22/16 12:30,76.96
5/22/16 12:45,111.85
5/22/16 13:00,112.16
5/22/16 13:15,98.06
5/22/16 13:30,101.51
5/22/16 13:45,87.87
5/22/16 14:00,74.54
5/22/16 14:15,76.76
5/22/16 14:30,76.2
5/22/16 14:45,78.51
5/22/16 15:00,87.4
5/22/16 15:15,64.45
5/22/16 15:30,66.1
5/22/16 15:45,63.42
5/22/16 16:00,78.48
5/22/16 16:15,65.33
5/22/16 16:30,64.2
5/22/16 16:45,68.56
5/22/16 17:00,72.82
5/22/16 17:15,77.29
5/22/16 17:30,78.93
5/22/16 17:45,82.06
5/22/16 18:00,91.94
5/22/16 18:15,90
5/22/16 18:30,106.45
5/22/16 18:45,109.74
5/22/16 19:00,126.6
5/22/16 19:15,127.23
5/22/16 19:30,124.3
5/22/16 19:45,128.26
5/22/16 20:00,112.06
5/22/16 20:15,103.69
5/22/16 20:30,118
5/22/16 20:45,116.08
5/22/16 21:00,101.92
5/22/16 21:15,106.67
5/22/16 21:30,104.99
5/22/16 21:45,89.15
5/22/16 22:00,101.62
5/22/16 22:15,106.83
5/22/16 22:30,78.18
5/22/16 22:45,82.68
5/22/16 23:00,79.22
5/22/16 23:15,85.33
5/22/16 23:30,72.99
5/22/16 23:45,62.53
5/23/16 0:00,68.09
5/23/16 0:15,60.55
5/23/16 0:30,56.32
5/23/16 0:45,62.73
5/23/16 1:00,44.86
5/23/16 1:15,24.78
5/23/16 1:31,25.74
5/23/16 1:45,21.53
5/23/16 2:00,23.77
5/23/16 2:15,20.68
5/23/16 2:31,20.67
5/23/16 2:45,20.89
5/23/16 3:01,23.59
5/23/16 3:15,19.6
5/23/16 3:31,18.67
5/23/16 3:45,18.07
5/23/16 4:01,17.62
5/23/16 4:16,15.48
5/23/16 4:31,14.89
5/23/16 4:46,14.3
5/23/16 5:00,15.71
5/23/16 5:15,17.68
5/23/16 5:30,13.01
5/23/16 5:45,12.81
5/23/16 6:00,11.85
5/23/16 6:15,10.44
5/23/16 6:30,8.95
5/23/16 6:45,10.75
5/23/16 7:00,9.35
5/23/16 7:15,24.01
5/23/16 7:30,23.14
5/23/16 7:45,21.09
5/23/16 8:00,21.33
5/23/16 8:15,23.26
5/23/16 8:30,22.57
5/23/16 8:45,26.38
5/23/16 9:00,24.72
5/23/16 9:15,26.56
5/23/16 9:30,28.12
5/23/16 9:45,33.68
5/23/16 10:00,35.34
5/23/16 10:15,37.73
5/23/16 10:30,41.08
5/23/16 10:45,42.7
5/23/16 11:00,45.37
5/23/16 11:15,46.31
5/23/16 11:30,47.24
5/23/16 11:45,49.15
5/23/16 12:00,53.79
5/23/16 12:15,58.44
5/23/16 12:30,66.48
5/23/16 12:45,62.32
5/23/16 13:00,71.33
5/23/16 13:15,66.89
5/23/16 13:30,72.99
5/23/16 13:45,100.17
5/23/16 14:00,100.03
5/23/16 14:15,113.24
5/23/16 14:30,115.03
5/23/16 14:45,120.16
5/23/16 15:00,128.38
5/23/16 15:15,117.42
5/23/16 15:30,131.9
5/23/16 15:45,150.19
5/23/16 16:00,140.56
5/23/16 16:15,128.96
5/23/16 16:30,139.66
5/23/16 16:45,141.68
5/23/16 17:00,122.51
5/23/16 17:15,131.79
5/23/16 17:30,115.63
5/23/16 17:45,126.52
5/23/16 18:00,114.53
5/23/16 18:15,116.41
5/23/16 18:30,114.35
5/23/16 18:45,113.62
5/23/16 19:00,142.21
5/23/16 19:15,122.89
5/23/16 19:30,135.78
5/23/16 19:45,132.21
5/23/16 20:00,133.26
5/23/16 20:15,157.56
5/23/16 20:30,152.13
5/23/16 20:45,169.15
5/23/16 21:00,146.67
5/23/16 21:15,154.55
5/23/16 21:30,152.12
5/23/16 21:45,143.82
5/23/16 22:00,157.75
5/23/16 22:15,151.84
5/23/16 22:30,127.71
5/23/16 22:45,136.74
5/23/16 23:00,119.53
5/23/16 23:15,115.3
5/23/16 23:30,125.65
5/23/16 23:45,125.2
5/24/16 0:00,128.85
5/24/16 0:15,116.48
5/24/16 0:30,110.47
5/24/16 0:45,108.2
5/24/16 1:00,86.73
5/24/16 1:15,73.92
5/24/16 1:31,71.38
5/24/16 1:45,72.18
5/24/16 2:01,72.95
5/24/16 2:15,71.15
5/24/16 2:30,72.78
5/24/16 2:45,73.49
5/24/16 3:00,57.04
5/24/16 3:15,52.25
5/24/16 3:30,50.87
5/24/16 3:45,45.01
5/24/16 4:00,46.97
5/24/16 4:16,43.33
5/24/16 4:31,54.96
5/24/16 4:45,55.98
5/24/16 5:01,58.62
5/24/16 5:15,60.84
5/24/16 5:31,64.17
5/24/16 5:46,67.88
5/24/16 6:01,82.33
5/24/16 6:15,84.93
5/24/16 6:30,81.96
5/24/16 6:45,83.75
5/24/16 7:00,86.51
5/24/16 7:15,90.77
5/24/16 7:30,83.43
5/24/16 7:45,87.85
5/24/16 8:00,87.49
5/24/16 8:15,88.09
5/24/16 8:30,88.95
5/24/16 8:45,89.69
5/24/16 9:00,91.2
5/24/16 9:15,94.3
5/24/16 9:30,97.96
5/24/16 9:45,112.76
5/24/16 10:00,115.69
5/24/16 10:15,119.02
5/24/16 10:30,126.95
5/24/16 10:45,133.59
5/24/16 11:00,118.07
5/24/16 11:15,106.99
5/24/16 11:30,90.53
5/24/16 11:45,101.42
5/24/16 12:00,114.82
5/24/16 12:15,158.4
5/24/16 12:30,160.63
5/24/16 12:45,162.96
5/24/16 13:00,174.32
5/24/16 13:15,147.9
5/24/16 13:30,150.62
5/24/16 13:45,158.01
5/24/16 14:00,162.39
5/24/16 14:15,151.77
5/24/16 14:30,170.01
5/24/16 14:45,170.62
5/24/16 15:00,155.66
5/24/16 15:15,149.68
5/24/16 15:30,137.51
5/24/16 15:45,145.37
5/24/16 16:00,148.36
5/24/16 16:15,162.25
5/24/16 16:30,145.14
5/24/16 16:45,145.89
5/24/16 17:00,141.29
5/24/16 17:15,157.6
5/24/16 17:30,152.32
5/24/16 17:45,150.64
5/24/16 18:00,135.39
5/24/16 18:15,110.07
5/24/16 18:30,109.24
5/24/16 18:45,88.51
5/24/16 19:00,74.84
5/24/16 19:15,76.06
5/24/16 19:30,68.98
5/24/16 19:45,86.65
5/24/16 20:00,84.56
5/24/16 20:15,107.39
5/24/16 20:30,67.61
5/24/16 20:45,71.65
5/24/16 21:00,68.57
5/24/16 21:15,70.33
5/24/16 21:30,66.17
5/24/16 21:45,84.55
5/24/16 22:00,104.79
5/24/16 22:15,89.73
5/24/16 22:30,102.4
5/24/16 22:45,99.72
5/24/16 23:00,77.8
5/24/16 23:15,78.84
5/24/16 23:30,70.58
5/24/16 23:45,66.25
5/25/16 0:00,68.04
5/25/16 0:15,70.86
5/25/16 0:31,61.66
5/25/16 0:45,60.35
5/25/16 1:01,66.03
5/25/16 1:15,64.18
5/25/16 1:31,62.42
5/25/16 1:45,56.18
5/25/16 2:00,52.39
5/25/16 2:15,51.67
5/25/16 2:30,48.53
5/25/16 2:45,48.77
5/25/16 3:00,46.49
5/25/16 3:15,30.05
5/25/16 3:30,27.02
5/25/16 3:45,27.69
5/25/16 4:01,28.2
5/25/16 4:15,39.81
5/25/16 4:31,40.59
5/25/16 4:45,24.15
5/25/16 5:00,23.56
5/25/16 5:15,23.5
5/25/16 5:30,24.92
5/25/16 5:46,26.54
5/25/16 6:00,27.2
5/25/16 6:15,26.62
5/25/16 6:30,24.59
5/25/16 6:45,12.18
5/25/16 7:00,14.5
5/25/16 7:15,14.75
5/25/16 7:30,14
5/25/16 7:45,14.23
5/25/16 8:00,11.05
5/25/16 8:15,16.37
5/25/16 8:30,34.52
5/25/16 8:45,32.96
5/25/16 9:00,33.07
5/25/16 9:15,38.37
5/25/16 9:30,41.57
5/25/16 9:45,46.1
5/25/16 10:00,45.71
5/25/16 10:15,49.78
5/25/16 10:30,52.37
5/25/16 10:45,56.53
5/25/16 11:00,69.54
5/25/16 11:15,81.89
5/25/16 11:30,73.12
5/25/16 11:45,81.98
5/25/16 12:00,78.11
5/25/16 12:15,76.71
5/25/16 12:30,79.79
5/25/16 12:45,80.38
5/25/16 13:00,73.57
5/25/16 13:15,75.44
5/25/16 13:30,90.31
5/25/16 13:45,85.36
5/25/16 14:00,90
5/25/16 14:15,101.28
5/25/16 14:30,89.7
5/25/16 14:45,102.23
5/25/16 15:00,118.4
5/25/16 15:15,139.88
5/25/16 15:30,138.82
5/25/16 15:45,114.1
5/25/16 16:00,112.34
5/25/16 16:15,115.43
5/25/16 16:30,119.31
5/25/16 16:45,121.91
5/25/16 17:00,118.81
5/25/16 17:15,142.98
5/25/16 17:30,113.53
5/25/16 17:45,75.93
5/25/16 18:00,57.24
5/25/16 18:15,46.61
5/25/16 18:30,52.19
5/25/16 18:45,48.89
5/25/16 19:00,58.33
5/25/16 19:15,81.25
5/25/16 19:30,73.42
5/25/16 19:45,70.61
5/25/16 20:00,77.22
5/25/16 20:15,78.55
5/25/16 20:30,71.11
5/25/16 20:45,51.93
5/25/16 21:00,67.07
5/25/16 21:15,71.92
5/25/16 21:30,69.59
5/25/16 21:45,67.59
5/25/16 22:00,86.23
5/25/16 22:15,71.93
5/25/16 22:30,94.29
5/25/16 22:45,94.85
5/25/16 23:00,92.82
5/25/16 23:15,91.94
5/25/16 23:30,90.34
5/25/16 23:45,92.56
5/26/16 0:00,90.34
5/26/16 0:15,123.45
5/26/16 0:30,111.8
5/26/16 0:45,101.62
5/26/16 1:00,104.31
5/26/16 1:15,98.46
5/26/16 1:30,103.3
5/26/16 1:45,92.39
5/26/16 2:00,110.81
5/26/16 2:15,107.03
5/26/16 2:30,103.48
5/26/16 2:45,87.5
5/26/16 3:00,80.17
5/26/16 3:15,94.44
5/26/16 3:30,91.47
5/26/16 3:45,88.43
5/26/16 4:00,87.41
5/26/16 4:15,86.46
5/26/16 4:30,78.11
5/26/16 4:46,59.25
5/26/16 5:01,60.23
5/26/16 5:15,58.51
5/26/16 5:31,61.14
5/26/16 5:45,62.34
5/26/16 6:01,64.32
5/26/16 6:15,64.68
5/26/16 6:30,49.49
5/26/16 6:45,46.92
5/26/16 7:00,45.53
5/26/16 7:15,73.89
5/26/16 7:30,44.49
5/26/16 7:45,44.36
5/26/16 8:00,44.41
5/26/16 8:15,46.81
5/26/16 8:30,49.1
5/26/16 8:45,62.58
5/26/16 9:00,60.8
5/26/16 9:15,61.05
5/26/16 9:30,77.11
5/26/16 9:45,93.17
5/26/16 10:00,95.23
5/26/16 10:15,98.9
5/26/16 10:30,96.74
5/26/16 10:45,99.69
5/26/16 11:00,97.21
5/26/16 11:15,101.49
5/26/16 11:30,99.21
5/26/16 11:45,96.8
5/26/16 12:00,97.79
5/26/16 12:15,131.18
5/26/16 12:30,132.11
5/26/16 12:45,110.51
5/26/16 13:00,108.76
5/26/16 13:15,110.41
5/26/16 13:30,117.54
5/26/16 13:45,113.28
5/26/16 14:00,104.62
5/26/16 14:15,87.6
5/26/16 14:30,79.11
5/26/16 14:45,93.15
5/26/16 15:00,95.48
5/26/16 15:15,84.51
5/26/16 15:30,96.51
5/26/16 15:45,93.53
5/26/16 16:00,90.25
5/26/16 16:15,81.32
5/26/16 16:30,76.5
5/26/16 16:45,89.76
5/26/16 17:00,110.77
5/26/16 17:15,90.07
5/26/16 17:30,87.2
5/26/16 17:45,69.93
5/26/16 18:00,78.85
5/26/16 18:15,71.35
5/26/16 18:30,62.75
5/26/16 18:45,58.33
5/26/16 19:00,71.15
5/26/16 19:15,75.34
5/26/16 19:30,77.97
5/26/16 19:45,111.53
5/26/16 20:00,108.19
5/26/16 20:15,131.94
5/26/16 20:30,112.49
5/26/16 20:45,123.36
5/26/16 21:00,113.77
5/26/16 21:15,113.83
5/26/16 21:30,115.7
5/26/16 21:45,97.67
5/26/16 22:00,105.82
5/26/16 22:15,112.62
5/26/16 22:30,100.5
5/26/16 22:45,97.52
5/26/16 23:00,77.7
5/26/16 23:15,63.15
5/26/16 23:30,75.7
5/26/16 23:45,56.39
5/27/16 0:00,67.95
5/27/16 0:15,52.95
5/27/16 0:31,50.17
5/27/16 0:45,45.29
5/27/16 1:01,48.74
5/27/16 1:15,47.73
5/27/16 1:30,58.85
5/27/16 1:45,63.39
5/27/16 2:00,60.25
5/27/16 2:15,59.21
5/27/16 2:30,52.54
5/27/16 2:45,48.66
5/27/16 3:00,47.25
5/27/16 3:15,43.08
5/27/16 3:30,37.54
5/27/16 3:45,37.34
5/27/16 4:00,36.37
5/27/16 4:15,35.48
5/27/16 4:30,32.15
5/27/16 4:45,32.38
5/27/16 5:00,33.52
5/27/16 5:15,33.83
5/27/16 5:31,33.19
5/27/16 5:45,31.41
5/27/16 6:01,41.74
5/27/16 6:15,37.11
5/27/16 6:30,39.34
5/27/16 6:45,36.66
5/27/16 7:00,37.47
5/27/16 7:15,35.98
5/27/16 7:30,36.59
5/27/16 7:45,21.79
5/27/16 8:00,22.09
5/27/16 8:15,23.31
5/27/16 8:30,22.53
5/27/16 8:45,22.39
5/27/16 9:00,26.61
5/27/16 9:15,26.51
5/27/16 9:30,31.84
5/27/16 9:45,37.77
5/27/16 10:00,37.81
5/27/16 10:15,57.57
5/27/16 10:30,46.87
5/27/16 10:45,47.53
5/27/16 11:00,63.99
5/27/16 11:15,77.04
5/27/16 11:30,81.29
5/27/16 11:45,64.61
5/27/16 12:00,66.48
5/27/16 12:15,83.87
5/27/16 12:30,83.13
5/27/16 12:45,96.23
5/27/16 13:00,114.6
5/27/16 13:15,103.52
5/27/16 13:30,106.65
5/27/16 13:45,111.65
5/27/16 14:00,107.23
5/27/16 14:15,107.06
5/27/16 14:30,112.59
5/27/16 14:45,115.62
5/27/16 15:00,113.71
5/27/16 15:15,115.03
5/27/16 15:30,116.25
5/27/16 15:45,121.26
5/27/16 16:00,111.11
5/27/16 16:15,123.45
5/27/16 16:30,90.16
5/27/16 16:45,95.39
5/27/16 17:00,110.75
5/27/16 17:15,107.71
5/27/16 17:30,108.38
5/27/16 17:45,119.73
5/27/16 18:00,108.35
5/27/16 18:15,114.88
5/27/16 18:30,90.8
5/27/16 18:45,75.39
5/27/16 19:00,74.7
5/27/16 19:15,88.53
5/27/16 19:30,94.23
5/27/16 19:45,88.49
5/27/16 20:00,91.91
5/27/16 20:15,86.09
5/27/16 20:30,89.87
5/27/16 20:45,105.66
5/27/16 21:00,88.06
5/27/16 21:15,104.25
5/27/16 21:30,86.61
5/27/16 21:45,86.73
5/27/16 22:00,90.79
5/27/16 22:15,80.53
5/27/16 22:30,81.92
5/27/16 22:45,79.07
5/27/16 23:00,78.11
5/27/16 23:15,66.13
5/27/16 23:31,68.46
5/27/16 23:45,65.57
5/28/16 0:00,68.02
5/28/16 0:15,64.66
5/28/16 0:30,61.76
5/28/16 0:45,59.86
5/28/16 1:00,80.64
5/28/16 1:15,75.3
5/28/16 1:30,52.12
5/28/16 1:45,32.6
5/28/16 2:00,47.01
5/28/16 2:16,49.77
5/28/16 2:30,47.28
5/28/16 2:45,45.23
5/28/16 3:01,43.58
5/28/16 3:16,48.32
5/28/16 3:30,51.84
5/28/16 3:45,51.72
5/28/16 4:00,47.69
5/28/16 4:15,51.22
5/28/16 4:30,49.92
5/28/16 4:46,48.64
5/28/16 5:01,46.06
5/28/16 5:15,34.79
5/28/16 5:31,26.93
5/28/16 5:46,26.72
5/28/16 6:00,19.36
5/28/16 6:15,6.06
5/28/16 6:30,5.48
5/28/16 6:45,5.71
5/28/16 7:00,2.67
5/28/16 7:15,3.64
5/28/16 7:30,5.14
5/28/16 7:45,5.85
5/28/16 8:00,1.95
5/28/16 8:15,4.67
5/28/16 8:30,8.29
5/28/16 8:45,8.77
5/28/16 9:00,11.66
5/28/16 9:15,18.85
5/28/16 9:30,19.09
5/28/16 9:45,23
5/28/16 10:00,25.6
5/28/16 10:15,22.11
5/28/16 10:30,27.3
5/28/16 10:45,27.39
5/28/16 11:00,28.81
5/28/16 11:15,32.14
5/28/16 11:30,30.61
5/28/16 11:45,19.24
5/28/16 12:00,21.62
5/28/16 12:15,25.67
5/28/16 12:30,27.71
5/28/16 12:45,29.33
5/28/16 13:00,34.84
5/28/16 13:15,36.21
5/28/16 13:30,42.18
5/28/16 13:45,50.62
5/28/16 14:00,52.11
5/28/16 14:15,58.16
5/28/16 14:30,59.39
5/28/16 14:45,72.77
5/28/16 15:00,68.8
5/28/16 15:15,62.69
5/28/16 15:30,73.87
5/28/16 15:45,68.12
5/28/16 16:00,80.05
5/28/16 16:15,67.71
5/28/16 16:30,82.6
5/28/16 16:45,82.43
5/28/16 17:00,85.47
5/28/16 17:15,84.14
5/28/16 17:30,98.34
5/28/16 17:45,97.12
5/28/16 18:00,95.55
5/28/16 18:15,98.86
5/28/16 18:30,112.8
5/28/16 18:45,108.4
5/28/16 19:00,104.6
5/28/16 19:15,102
5/28/16 19:30,98.38
5/28/16 19:45,106.95
5/28/16 20:00,102.51
5/28/16 20:15,120.19
5/28/16 20:30,117.47
5/28/16 20:45,128.8
5/28/16 21:00,108.24
5/28/16 21:15,121.29
5/28/16 21:30,128.97
5/28/16 21:45,132.53
5/28/16 22:00,113.63
5/28/16 22:15,111.78
5/28/16 22:30,122.91
5/28/16 22:45,127.52
5/28/16 23:00,126.72
5/28/16 23:15,127.74
5/28/16 23:30,140.07
5/28/16 23:45,111.49
5/29/16 0:00,95.63
5/29/16 0:15,92.07
5/29/16 0:31,96.04
5/29/16 0:45,85.54
5/29/16 1:01,78.82
5/29/16 1:16,76.41
5/29/16 1:30,78.94
5/29/16 1:46,94.33
5/29/16 2:01,80.69
5/29/16 2:15,94.12
5/29/16 2:30,104.86
5/29/16 2:45,80.26
5/29/16 3:00,79.71
5/29/16 3:15,72.39
5/29/16 3:30,81.24
5/29/16 3:45,72.09
5/29/16 4:00,70.11
5/29/16 4:15,52.27
5/29/16 4:30,54.62
5/29/16 4:45,52.9
5/29/16 5:00,51.49
5/29/16 5:15,48.65
5/29/16 5:30,48.89
5/29/16 5:45,49.04
5/29/16 6:00,52.48
5/29/16 6:15,49.89
5/29/16 6:30,49.67
5/29/16 6:45,49.53
5/29/16 7:00,45.88
5/29/16 7:15,45.6
5/29/16 7:30,48.49
5/29/16 7:45,48.6
5/29/16 8:00,51.2
5/29/16 8:15,51.8
5/29/16 8:30,37.43
5/29/16 8:45,34.28
5/29/16 9:00,28.94
5/29/16 9:15,31.22
5/29/16 9:30,31.83
5/29/16 9:45,31.99
5/29/16 10:00,44.53
5/29/16 10:15,48.54
5/29/16 10:30,37.01
5/29/16 10:45,36.87
5/29/16 11:00,37.78
5/29/16 11:15,54.52
5/29/16 11:30,67.86
5/29/16 11:45,72.9
5/29/16 12:00,100.17
5/29/16 12:15,106.65
5/29/16 12:30,108.19
5/29/16 12:45,106.04
5/29/16 13:00,115.26
5/29/16 13:15,111.75
5/29/16 13:30,97.27
5/29/16 13:45,97.19
5/29/16 14:00,78.15
5/29/16 14:15,99.03
5/29/16 14:30,100.16
5/29/16 14:45,93.64
5/29/16 15:00,121.49
5/29/16 15:15,134.57
5/29/16 15:30,121.25
5/29/16 15:45,102.98
5/29/16 16:00,100.43
5/29/16 16:15,126.81
5/29/16 16:30,94.19
5/29/16 16:45,95.17
5/29/16 17:00,98.64
5/29/16 17:15,104.28
5/29/16 17:30,99.66
5/29/16 17:45,102.44
5/29/16 18:00,127.51
5/29/16 18:15,100.35
5/29/16 18:30,117.28
5/29/16 18:45,117.75
5/29/16 19:00,103.76
5/29/16 19:15,110.62
5/29/16 19:30,93.88
5/29/16 19:45,108.54
5/29/16 20:00,88.16
5/29/16 20:15,107.18
5/29/16 20:30,101.01
5/29/16 20:45,85.03
5/29/16 21:00,95.51
5/29/16 21:15,86.09
5/29/16 21:30,86.49
5/29/16 21:45,100.02
5/29/16 22:00,97.95
5/29/16 22:15,100.88
5/29/16 22:30,84.25
5/29/16 22:45,77.95
5/29/16 23:00,69.89
5/29/16 23:15,67.89
5/29/16 23:30,50.75
5/29/16 23:45,50.4
5/30/16 0:00,46.22
5/30/16 0:15,46.83
5/30/16 0:30,41.42
5/30/16 0:45,41.23
5/30/16 1:00,41.16
5/30/16 1:15,39.72
5/30/16 1:30,39.52
5/30/16 1:45,36.84
5/30/16 2:01,36.32
5/30/16 2:15,38.56
5/30/16 2:30,40.2
5/30/16 2:45,39.62
5/30/16 3:00,22.48
5/30/16 3:16,20.48
5/30/16 3:30,16.24
5/30/16 3:46,15.67
5/30/16 4:00,13.44
5/30/16 4:15,13.68
5/30/16 4:30,11
5/30/16 4:45,12.44
5/30/16 5:01,12.63
5/30/16 5:15,11.2
5/30/16 5:30,6.25
5/30/16 5:45,11.81
5/30/16 6:00,13.11
5/30/16 6:15,9.1
5/30/16 6:30,6.88
5/30/16 6:45,4.76
5/30/16 7:00,6.29
5/30/16 7:15,6.52
5/30/16 7:30,8.62
5/30/16 7:45,8.86
5/30/16 8:00,9.32
5/30/16 8:15,2.89
5/30/16 8:30,2.32
5/30/16 8:45,2.75
5/30/16 9:00,2.2
5/30/16 9:15,4.91
5/30/16 9:30,5.22
5/30/16 9:45,6.04
5/30/16 10:00,8.51
5/30/16 10:15,26.56
5/30/16 10:30,25.85
5/30/16 10:45,29.64
5/30/16 11:00,33.26
5/30/16 11:15,34.57
5/30/16 11:30,25.86
5/30/16 11:45,42.21
5/30/16 12:00,58.78
5/30/16 12:15,78.2
5/30/16 12:30,47.84
5/30/16 12:45,45.7
5/30/16 13:00,58.1
5/30/16 13:15,66.3
5/30/16 13:30,87.09
5/30/16 13:45,84.44
5/30/16 14:00,83.29
5/30/16 14:15,87.99
5/30/16 14:30,76.59
5/30/16 14:45,87.34
5/30/16 15:00,90.47
5/30/16 15:15,92.97
5/30/16 15:30,84.36
5/30/16 15:45,77.78
5/30/16 16:00,68.41
5/30/16 16:15,81.65
5/30/16 16:30,79.47
5/30/16 16:45,80.35
5/30/16 17:00,106.5
5/30/16 17:15,107.69
5/30/16 17:30,123.86
5/30/16 17:45,139.59
5/30/16 18:00,139.37
5/30/16 18:15,142.66
5/30/16 18:30,148.18
5/30/16 18:45,142.45
5/30/16 19:00,169.72
5/30/16 19:15,157.2
5/30/16 19:30,155.82
5/30/16 19:45,136.67
5/30/16 20:00,138.67
5/30/16 20:15,93.97
5/30/16 20:30,94.71
5/30/16 20:45,98.57
5/30/16 21:00,99.27
5/30/16 21:15,93.33
5/30/16 21:30,86.63
5/30/16 21:45,91.12
5/30/16 22:00,90.12
5/30/16 22:15,76.84
5/30/16 22:30,82.37
5/30/16 22:45,81.36
5/30/16 23:00,92.33
5/30/16 23:15,99.21
5/30/16 23:30,96.06
5/30/16 23:45,111.09
5/31/16 0:00,102.1
5/31/16 0:15,105.82
5/31/16 0:30,107.48
5/31/16 0:45,101.1
5/31/16 1:00,94.51
5/31/16 1:15,93.43
5/31/16 1:30,92.42
5/31/16 1:45,90.11
5/31/16 2:00,92.34
5/31/16 2:15,89.04
5/31/16 2:30,90.03
5/31/16 2:45,87.81
5/31/16 3:00,85.19
5/31/16 3:15,88.98
5/31/16 3:31,90.43
5/31/16 3:45,84.15
5/31/16 4:01,84.39
5/31/16 4:15,92.28
5/31/16 4:30,93.95
5/31/16 4:45,109.57
5/31/16 5:01,105.08
5/31/16 5:15,102.91
5/31/16 5:30,98.46
5/31/16 5:45,98.64
5/31/16 6:00,95.02
5/31/16 6:15,78.64
5/31/16 6:30,81.91
5/31/16 6:45,68.14
5/31/16 7:00,68.87
5/31/16 7:15,69.54
5/31/16 7:30,66.2
5/31/16 7:45,66.65
5/31/16 8:00,62.16
5/31/16 8:15,59.94
5/31/16 8:30,60.29
5/31/16 8:45,62.98
5/31/16 9:00,65.22
5/31/16 9:15,65.61
5/31/16 9:30,96.93
5/31/16 9:45,102.42
5/31/16 10:00,120.52
5/31/16 10:15,123.53
5/31/16 10:30,130.94
5/31/16 10:45,130.62
5/31/16 11:00,133.16
5/31/16 11:15,119.23
5/31/16 11:30,127.47
5/31/16 11:45,129.35
5/31/16 12:00,131.95
5/31/16 12:15,155.42
5/31/16 12:30,174.48
5/31/16 12:45,177.26
5/31/16 13:00,176.11
5/31/16 13:15,173.17
5/31/16 13:30,169.9
5/31/16 13:45,159.8
5/31/16 14:00,147.8
5/31/16 14:15,139.07
5/31/16 14:30,147.1
5/31/16 14:45,189.81
5/31/16 15:00,153.94
5/31/16 15:15,148.44
5/31/16 15:30,153.46
5/31/16 15:45,129.46
5/31/16 16:00,93.75
5/31/16 16:15,112.18
5/31/16 16:30,120.89
5/31/16 16:45,135.65
5/31/16 17:00,128.09
5/31/16 17:15,123.71
5/31/16 17:30,127.68
5/31/16 17:45,145.78
5/31/16 18:00,137.89
5/31/16 18:15,132.37
5/31/16 18:30,161.82
5/31/16 18:45,148.77
5/31/16 19:00,144
5/31/16 19:15,153.36
5/31/16 19:30,175.51
5/31/16 19:45,141.02
5/31/16 20:00,157.9
5/31/16 20:15,147.15
5/31/16 20:30,116.69
5/31/16 20:45,131.03
5/31/16 21:00,136.55
5/31/16 21:15,131.03
5/31/16 21:30,127.29
5/31/16 21:45,125.35
5/31/16 22:00,125.05
5/31/16 22:15,94.6
5/31/16 22:30,113.36
5/31/16 22:45,114.54
5/31/16 23:00,92.02
5/31/16 23:15,108.6
5/31/16 23:31,99
5/31/16 23:45,83.76
